Name,Author,Year-Published,Link
Rapid Review Biochemistry: With STUDENT CONSULT Online Access, 3e,John W. Pelley PhD,2010,https://2lib.org/book/2514806/bceaa4
Fascia in Sport and Movement,Robert Schleip,2021,https://2lib.org/book/18798456/47cef4
Biochemistry: A Short Course,John L. Tymoczko,2011,https://2lib.org/book/2554162/79ff09
Applications of HPLC in Biochemistry,A. Fallon,1987,https://2lib.org/book/592393/7978b8
Chemistry 10,Various,english,https://2lib.org/book/21442575/54eccd
How to Survive Your PhD: The Insider's Guide to Avoiding Mistakes, Choosing the Right Program, Working with Professors, and Just How a Person Actually Writes a 200-Page Paper,Jason Karp,2009,https://2lib.org/book/844232/e268d8
Lehninger Principles of Biochemistry,David L. Nelson,2017,https://2lib.org/book/3341211/9fc644
Fundamentals of Biochemistry: Life at the Molecular Level,Donald Voet,2016,https://2lib.org/book/2954380/e0be57
Mating in Captivity: Unlocking Erotic Intelligence,Esther Perel,2017,https://2lib.org/book/3499326/114d0b
Biochemistry: A Short Course,John L. Tymoczko,2018,https://2lib.org/book/5699079/b05d72
Microbiology with Diseases by Body System,Robert W. Bauman,2018,https://2lib.org/book/3676903/14f6e8
The Longevity Diet: Discover the New Science Behind Stem Cell Activation and Regeneration to SlowAging, Fight Disease, and Optimize Weight,Valter Longo,2018,https://2lib.org/book/3410925/fe316f
Basic Concepts in Biochemistry A Student's Survival Guide,Hiram Gilbert,1999,https://2lib.org/book/510075/178a1b
The Preparatory Manual of Explosives, Third Edition,Jared Ledgard,2007,https://2lib.org/book/659620/499abe
Lehninger Principles of Biochemistry, Seventh Edition,David L. Nelson,2017,https://2lib.org/book/3413395/2c8cf1
Lehninger Principles of Biochemistry,Albert Lehninger,2012,https://2lib.org/book/2694226/de05c8
Clinical Biochemistry : Metabolic and Clinical Aspects,William J. Marshall,2014,https://2lib.org/book/2495388/312412
The vital question : why is life the way it is?,Lane,2015,https://2lib.org/book/2575305/202532
Biochemical Pathways: An Atlas of Biochemistry and Molecular Biology,Gerhard Michal,2012,https://2lib.org/book/2041977/21b21d
Biochemistry For Dummies (For Dummies (Math & Science)),Moore,2011,https://2lib.org/book/1171569/c0a45d
Fertilizers: Properties Applications and Effects,Langdon R. Elsworth,2008,https://2lib.org/book/601466/7f2022
Understanding Nutrition - Standalone Book,  by Whitney Robles (2019),Whitney Robles,2019,https://2lib.org/book/5007302/711d90
Physical Chemistry for the Life Sciences,Peter Atkins,2011,https://2lib.org/book/1309574/8ff9ee
Biochemistry,Roger L. Miesfeld,2017,https://2lib.org/book/3407120/4c2340
Natural Products from Plants,Leland J. Cseke,2006,https://2lib.org/book/510002/884b8f
Biochemistry,Reginald H. Garrett,2017,https://2lib.org/book/2836161/64c19a
Principles of Biochemistry, 5th Edition,Robert Horton,2011,https://2lib.org/book/1238645/b653f7
Real Magic: Ancient Wisdom, Modern Science, and a Guide to the Secret Power of the Universe,Dean Radin,2018,https://2lib.org/book/5205963/69946e
Lehninger Principles of Biochemistry,David L. Nelson,2017,https://2lib.org/book/3341413/8971ba
Tietz Textbook of Clinical Chemistry and Molecular Diagnostics,Nader Rifai,2017,https://2lib.org/book/3520950/39f8e9
Crush Step 1: The Ultimate USMLE Step 1 Review,Theodore X. O’Connell,2017,https://2lib.org/book/3503883/a3f73d
The Language of God: A Scientist Presents Evidence for Belief,Francis S. Collins,2006,https://2lib.org/book/695368/e22646
The Great Cholesterol Myth: Why Lowering Your Cholesterol Won't Prevent Heart Disease-and the Statin-Free Plan That Will,Jonny Bowden,2012,https://2lib.org/book/2030483/48ed89
Inorganic chemistry : reactions, structure and mechanisms,Harold H Trimm,2011,https://2lib.org/book/2196794/56c465
Biochemistry: A Short Course,John L. Tymoczko,2015,https://2lib.org/book/2647784/176939
Practical Textbook of Biochemistry for Medical Students,Vasudevan D.M.,2013,https://2lib.org/book/3270691/fc7de3
Essentials of Medical Biochemistry, Second Edition: With Clinical Cases,N. V. Bhagavan,2015,https://2lib.org/book/2569163/ed7710
Cliffs biochemistry i quick review,Frank Schmidt,2000,https://2lib.org/book/464989/7f4fe2
The Molecules of Life: DNA, RNA, and proteins (Genetics and Evolution),Russ Hodge,2009,https://2lib.org/book/753776/23e723
Plant Biochemistry,Heldt H.-W.,2010,https://2lib.org/book/1021974/f113f1
Self Assessment and Review of Biochemistry,Rebecca James Perumcheril,2017,https://2lib.org/book/3554692/e3bfac
Stern’s Introductory Plant Biology,James E. Bidlack,2018,https://2lib.org/book/5007927/3d92ca
Postharvest Physiology and Biochemistry of Fruits and Vegetables,Elhadi M. Yahia,2018,https://2lib.org/book/3639963/3ca5c2
Biochemistry Laboratory: Modern Theory and Techniques (2nd Edition),Rodney F. Boyer,2011,https://2lib.org/book/1209962/178240
Wired to Eat: Turn Off Cravings, Rewire Your Appetite for Weight Loss, and Determine the Foods That Work for You,Robb Wolf,2017,https://2lib.org/book/3504067/e4420a
Lehninger Principles of Biochemistry,David L. Nelson,english,https://2lib.org/book/544441/e21c88
Neurobiology of brain disorders : biological basis of neurological & psychiatric disorders,Michael J. Zigmond,2015,https://2lib.org/book/2463122/987c36
Faith and Reason,Richard Swinburne,2005,https://2lib.org/book/612058/d888da
The design and manufacture of medical devices,edited by J. Paulo Davim.,2012,https://2lib.org/book/2064925/329035
The Woman Who Could Not Forget: Iris Chang Before and Beyond the Rape of Nanking,Chang,2011,https://2lib.org/book/3875066/ee6f43
